ticker,observed_date,observed_close,source_url,verification_status,crosscheck_url,volume,omission_reason
032685,2026-09-01,8700,https://fchart.stock.naver.com/siseJson.nhn?symbol=032685&requestType=1&startTime=20260827&endTime=20260904&timeframe=day,independently_verified,https://query1.finance.yahoo.com/v8/finance/chart/032685.KQ?period1=1787875200&period2=1788566400&interval=1d,3053,
312610,2026-09-01,324,https://fchart.stock.naver.com/siseJson.nhn?symbol=312610&requestType=1&startTime=20260827&endTime=20260904&timeframe=day,independently_verified,https://query1.finance.yahoo.com/v8/finance/chart/312610.KQ?period1=1787875200&period2=1788566400&interval=1d,1552624,
196490,2026-09-01,,https://fchart.stock.naver.com/siseJson.nhn?symbol=196490&requestType=1&startTime=20260827&endTime=20260904&timeframe=day,no_trade,https://query1.finance.yahoo.com/v8/finance/chart/196490.KQ?period1=1787875200&period2=1788566400&interval=1d,0,Naver volume=0; Yahoo volume=0; carried/stale close is not a 2026-09-01 traded close
035290,2026-09-01,2705,https://fchart.stock.naver.com/siseJson.nhn?symbol=035290&requestType=1&startTime=20260827&endTime=20260904&timeframe=day,independently_verified,https://query1.finance.yahoo.com/v8/finance/chart/035290.KQ?period1=1787875200&period2=1788566400&interval=1d,161577,
058450,2026-09-01,1724,https://fchart.stock.naver.com/siseJson.nhn?symbol=058450&requestType=1&startTime=20260827&endTime=20260904&timeframe=day,independently_verified,https://query1.finance.yahoo.com/v8/finance/chart/058450.KQ?period1=1787875200&period2=1788566400&interval=1d,39642,
011080,2026-09-01,885,https://fchart.stock.naver.com/siseJson.nhn?symbol=011080&requestType=1&startTime=20260827&endTime=20260904&timeframe=day,independently_verified,https://query1.finance.yahoo.com/v8/finance/chart/011080.KQ?period1=1787875200&period2=1788566400&interval=1d,201444,
199730,2026-09-01,1620,https://fchart.stock.naver.com/siseJson.nhn?symbol=199730&requestType=1&startTime=20260827&endTime=20260904&timeframe=day,independently_verified,https://query1.finance.yahoo.com/v8/finance/chart/199730.KQ?period1=1787875200&period2=1788566400&interval=1d,35373,
250930,2026-09-01,1869,https://fchart.stock.naver.com/siseJson.nhn?symbol=250930&requestType=1&startTime=20260827&endTime=20260904&timeframe=day,independently_verified,https://query1.finance.yahoo.com/v8/finance/chart/250930.KQ?period1=1787875200&period2=1788566400&interval=1d,8317,
900120,2026-09-01,,https://fchart.stock.naver.com/siseJson.nhn?symbol=900120&requestType=1&startTime=20260827&endTime=20260904&timeframe=day,no_trade,https://query1.finance.yahoo.com/v8/finance/chart/900120.KQ?period1=1787875200&period2=1788566400&interval=1d,0,Naver volume=0; Yahoo volume=0; carried/stale close is not a 2026-09-01 traded close
025870,2026-09-01,1993,https://fchart.stock.naver.com/siseJson.nhn?symbol=025870&requestType=1&startTime=20260827&endTime=20260904&timeframe=day,independently_verified,https://query1.finance.yahoo.com/v8/finance/chart/025870.KQ?period1=1787875200&period2=1788566400&interval=1d,62247,
052770,2026-09-01,,https://fchart.stock.naver.com/siseJson.nhn?symbol=052770&requestType=1&startTime=20260827&endTime=20260904&timeframe=day,no_trade,https://query1.finance.yahoo.com/v8/finance/chart/052770.KQ?period1=1787875200&period2=1788566400&interval=1d,0,Naver volume=0; Yahoo volume=0; carried/stale close is not a 2026-09-01 traded close
225430,2026-09-01,1330,https://fchart.stock.naver.com/siseJson.nhn?symbol=225430&requestType=1&startTime=20260827&endTime=20260904&timeframe=day,independently_verified,https://query1.finance.yahoo.com/v8/finance/chart/225430.KQ?period1=1787875200&period2=1788566400&interval=1d,70931,
313760,2026-09-01,,https://fchart.stock.naver.com/siseJson.nhn?symbol=313760&requestType=1&startTime=20260827&endTime=20260904&timeframe=day,no_trade,https://query1.finance.yahoo.com/v8/finance/chart/313760.KQ?period1=1787875200&period2=1788566400&interval=1d,0,Naver volume=0; Yahoo volume=0; carried/stale close is not a 2026-09-01 traded close
044180,2026-09-01,,https://fchart.stock.naver.com/siseJson.nhn?symbol=044180&requestType=1&startTime=20260827&endTime=20260904&timeframe=day,no_trade,https://query1.finance.yahoo.com/v8/finance/chart/044180.KQ?period1=1787875200&period2=1788566400&interval=1d,0,Naver volume=0; Yahoo volume=0; carried/stale close is not a 2026-09-01 traded close
291810,2026-09-01,1307,https://fchart.stock.naver.com/siseJson.nhn?symbol=291810&requestType=1&startTime=20260827&endTime=20260904&timeframe=day,independently_verified,https://query1.finance.yahoo.com/v8/finance/chart/291810.KQ?period1=1787875200&period2=1788566400&interval=1d,159967,
900100,2026-09-01,2350,https://fchart.stock.naver.com/siseJson.nhn?symbol=900100&requestType=1&startTime=20260827&endTime=20260904&timeframe=day,independently_verified,https://query1.finance.yahoo.com/v8/finance/chart/900100.KQ?period1=1787875200&period2=1788566400&interval=1d,299025,
308100,2026-09-01,386,https://fchart.stock.naver.com/siseJson.nhn?symbol=308100&requestType=1&startTime=20260827&endTime=20260904&timeframe=day,independently_verified,https://query1.finance.yahoo.com/v8/finance/chart/308100.KQ?period1=1787875200&period2=1788566400&interval=1d,409722,
276040,2026-09-01,,https://fchart.stock.naver.com/siseJson.nhn?symbol=276040&requestType=1&startTime=20260827&endTime=20260904&timeframe=day,no_trade,https://query1.finance.yahoo.com/v8/finance/chart/276040.KQ?period1=1787875200&period2=1788566400&interval=1d,0,Naver volume=0; Yahoo volume=0; carried/stale close is not a 2026-09-01 traded close
240600,2026-09-01,1773,https://fchart.stock.naver.com/siseJson.nhn?symbol=240600&requestType=1&startTime=20260827&endTime=20260904&timeframe=day,independently_verified,https://query1.finance.yahoo.com/v8/finance/chart/240600.KQ?period1=1787875200&period2=1788566400&interval=1d,13452,
079970,2026-09-01,,https://fchart.stock.naver.com/siseJson.nhn?symbol=079970&requestType=1&startTime=20260827&endTime=20260904&timeframe=day,no_trade,https://query1.finance.yahoo.com/v8/finance/chart/079970.KQ?period1=1787875200&period2=1788566400&interval=1d,0,Naver volume=0; Yahoo volume=0; carried/stale close is not a 2026-09-01 traded close
288980,2026-09-01,332,https://fchart.stock.naver.com/siseJson.nhn?symbol=288980&requestType=1&startTime=20260827&endTime=20260904&timeframe=day,independently_verified,https://query1.finance.yahoo.com/v8/finance/chart/288980.KQ?period1=1787875200&period2=1788566400&interval=1d,11124963,
087260,2026-09-01,,https://fchart.stock.naver.com/siseJson.nhn?symbol=087260&requestType=1&startTime=20260827&endTime=20260904&timeframe=day,no_trade,https://query1.finance.yahoo.com/v8/finance/chart/087260.KQ?period1=1787875200&period2=1788566400&interval=1d,0,Naver volume=0; Yahoo volume=0; carried/stale close is not a 2026-09-01 traded close
001000,2026-09-01,,https://fchart.stock.naver.com/siseJson.nhn?symbol=001000&requestType=1&startTime=20260827&endTime=20260904&timeframe=day,no_trade,https://query1.finance.yahoo.com/v8/finance/chart/001000.KQ?period1=1787875200&period2=1788566400&interval=1d,0,Naver volume=0; Yahoo volume=0; carried/stale close is not a 2026-09-01 traded close
012340,2026-09-01,578,https://fchart.stock.naver.com/siseJson.nhn?symbol=012340&requestType=1&startTime=20260827&endTime=20260904&timeframe=day,independently_verified,https://query1.finance.yahoo.com/v8/finance/chart/012340.KQ?period1=1787875200&period2=1788566400&interval=1d,266405,
065770,2026-09-01,1247,https://fchart.stock.naver.com/siseJson.nhn?symbol=065770&requestType=1&startTime=20260827&endTime=20260904&timeframe=day,independently_verified,https://query1.finance.yahoo.com/v8/finance/chart/065770.KQ?period1=1787875200&period2=1788566400&interval=1d,261423,
067770,2026-09-01,2775,https://fchart.stock.naver.com/siseJson.nhn?symbol=067770&requestType=1&startTime=20260827&endTime=20260904&timeframe=day,independently_verified,https://query1.finance.yahoo.com/v8/finance/chart/067770.KQ?period1=1787875200&period2=1788566400&interval=1d,48494,
289010,2026-09-01,957,https://fchart.stock.naver.com/siseJson.nhn?symbol=289010&requestType=1&startTime=20260827&endTime=20260904&timeframe=day,independently_verified,https://query1.finance.yahoo.com/v8/finance/chart/289010.KQ?period1=1787875200&period2=1788566400&interval=1d,123057,
060480,2026-09-01,1374,https://fchart.stock.naver.com/siseJson.nhn?symbol=060480&requestType=1&startTime=20260827&endTime=20260904&timeframe=day,independently_verified,https://query1.finance.yahoo.com/v8/finance/chart/060480.KQ?period1=1787875200&period2=1788566400&interval=1d,58856,
106080,2026-09-01,,https://fchart.stock.naver.com/siseJson.nhn?symbol=106080&requestType=1&startTime=20260827&endTime=20260904&timeframe=day,no_trade,https://query1.finance.yahoo.com/v8/finance/chart/106080.KQ?period1=1787875200&period2=1788566400&interval=1d,0,Naver volume=0; Yahoo volume=0; carried/stale close is not a 2026-09-01 traded close
208640,2026-09-01,668,https://fchart.stock.naver.com/siseJson.nhn?symbol=208640&requestType=1&startTime=20260827&endTime=20260904&timeframe=day,independently_verified,https://query1.finance.yahoo.com/v8/finance/chart/208640.KQ?period1=1787875200&period2=1788566400&interval=1d,72289,
303030,2026-09-01,1801,https://fchart.stock.naver.com/siseJson.nhn?symbol=303030&requestType=1&startTime=20260827&endTime=20260904&timeframe=day,independently_verified,https://query1.finance.yahoo.com/v8/finance/chart/303030.KQ?period1=1787875200&period2=1788566400&interval=1d,247101,
006050,2026-09-01,4880,https://fchart.stock.naver.com/siseJson.nhn?symbol=006050&requestType=1&startTime=20260827&endTime=20260904&timeframe=day,independently_verified,https://query1.finance.yahoo.com/v8/finance/chart/006050.KQ?period1=1787875200&period2=1788566400&interval=1d,10335,
103230,2026-09-01,2470,https://fchart.stock.naver.com/siseJson.nhn?symbol=103230&requestType=1&startTime=20260827&endTime=20260904&timeframe=day,independently_verified,https://query1.finance.yahoo.com/v8/finance/chart/103230.KQ?period1=1787875200&period2=1788566400&interval=1d,41596,
142760,2026-09-01,970,https://fchart.stock.naver.com/siseJson.nhn?symbol=142760&requestType=1&startTime=20260827&endTime=20260904&timeframe=day,independently_verified,https://query1.finance.yahoo.com/v8/finance/chart/142760.KQ?period1=1787875200&period2=1788566400&interval=1d,6394025,
043100,2026-09-01,,https://fchart.stock.naver.com/siseJson.nhn?symbol=043100&requestType=1&startTime=20260827&endTime=20260904&timeframe=day,no_trade,https://query1.finance.yahoo.com/v8/finance/chart/043100.KQ?period1=1787875200&period2=1788566400&interval=1d,0,Naver volume=0; Yahoo volume=0; carried/stale close is not a 2026-09-01 traded close
377220,2026-09-01,3000,https://fchart.stock.naver.com/siseJson.nhn?symbol=377220&requestType=1&startTime=20260827&endTime=20260904&timeframe=day,independently_verified,https://query1.finance.yahoo.com/v8/finance/chart/377220.KQ?period1=1787875200&period2=1788566400&interval=1d,150364,
060260,2026-09-01,1090,https://fchart.stock.naver.com/siseJson.nhn?symbol=060260&requestType=1&startTime=20260827&endTime=20260904&timeframe=day,independently_verified,https://query1.finance.yahoo.com/v8/finance/chart/060260.KQ?period1=1787875200&period2=1788566400&interval=1d,49553,
131760,2026-09-01,1835,https://fchart.stock.naver.com/siseJson.nhn?symbol=131760&requestType=1&startTime=20260827&endTime=20260904&timeframe=day,independently_verified,https://query1.finance.yahoo.com/v8/finance/chart/131760.KQ?period1=1787875200&period2=1788566400&interval=1d,57398,
035620,2026-09-01,707,https://fchart.stock.naver.com/siseJson.nhn?symbol=035620&requestType=1&startTime=20260827&endTime=20260904&timeframe=day,independently_verified,https://query1.finance.yahoo.com/v8/finance/chart/035620.KQ?period1=1787875200&period2=1788566400&interval=1d,43659,
065570,2026-09-01,,https://fchart.stock.naver.com/siseJson.nhn?symbol=065570&requestType=1&startTime=20260827&endTime=20260904&timeframe=day,no_trade,https://query1.finance.yahoo.com/v8/finance/chart/065570.KQ?period1=1787875200&period2=1788566400&interval=1d,0,Naver volume=0; Yahoo volume=0; carried/stale close is not a 2026-09-01 traded close
354200,2026-09-01,1768,https://fchart.stock.naver.com/siseJson.nhn?symbol=354200&requestType=1&startTime=20260827&endTime=20260904&timeframe=day,independently_verified,https://query1.finance.yahoo.com/v8/finance/chart/354200.KQ?period1=1787875200&period2=1788566400&interval=1d,90769,
028080,2026-09-01,5080,https://fchart.stock.naver.com/siseJson.nhn?symbol=028080&requestType=1&startTime=20260827&endTime=20260904&timeframe=day,independently_verified,https://query1.finance.yahoo.com/v8/finance/chart/028080.KQ?period1=1787875200&period2=1788566400&interval=1d,2952,
054180,2026-09-01,,https://fchart.stock.naver.com/siseJson.nhn?symbol=054180&requestType=1&startTime=20260827&endTime=20260904&timeframe=day,no_trade,https://query1.finance.yahoo.com/v8/finance/chart/054180.KQ?period1=1787875200&period2=1788566400&interval=1d,0,Naver volume=0; Yahoo volume=0; carried/stale close is not a 2026-09-01 traded close
092600,2026-09-01,2140,https://fchart.stock.naver.com/siseJson.nhn?symbol=092600&requestType=1&startTime=20260827&endTime=20260904&timeframe=day,independently_verified,https://query1.finance.yahoo.com/v8/finance/chart/092600.KQ?period1=1787875200&period2=1788566400&interval=1d,308941,
239340,2026-09-01,,https://fchart.stock.naver.com/siseJson.nhn?symbol=239340&requestType=1&startTime=20260827&endTime=20260904&timeframe=day,no_trade,https://query1.finance.yahoo.com/v8/finance/chart/239340.KQ?period1=1787875200&period2=1788566400&interval=1d,0,Naver volume=0; Yahoo volume=0; carried/stale close is not a 2026-09-01 traded close
418620,2026-09-01,514,https://fchart.stock.naver.com/siseJson.nhn?symbol=418620&requestType=1&startTime=20260827&endTime=20260904&timeframe=day,independently_verified,https://query1.finance.yahoo.com/v8/finance/chart/418620.KQ?period1=1787875200&period2=1788566400&interval=1d,539825,
244460,2026-09-01,,https://fchart.stock.naver.com/siseJson.nhn?symbol=244460&requestType=1&startTime=20260827&endTime=20260904&timeframe=day,no_trade,https://query1.finance.yahoo.com/v8/finance/chart/244460.KQ?period1=1787875200&period2=1788566400&interval=1d,0,Naver volume=0; Yahoo volume=0; carried/stale close is not a 2026-09-01 traded close
352770,2026-09-01,,https://fchart.stock.naver.com/siseJson.nhn?symbol=352770&requestType=1&startTime=20260827&endTime=20260904&timeframe=day,no_trade,https://query1.finance.yahoo.com/v8/finance/chart/352770.KQ?period1=1787875200&period2=1788566400&interval=1d,0,Naver volume=0; Yahoo volume=0; carried/stale close is not a 2026-09-01 traded close
225590,2026-09-01,3255,https://fchart.stock.naver.com/siseJson.nhn?symbol=225590&requestType=1&startTime=20260827&endTime=20260904&timeframe=day,independently_verified,https://query1.finance.yahoo.com/v8/finance/chart/225590.KQ?period1=1787875200&period2=1788566400&interval=1d,26719,
376930,2026-09-01,,https://fchart.stock.naver.com/siseJson.nhn?symbol=376930&requestType=1&startTime=20260827&endTime=20260904&timeframe=day,no_trade,https://query1.finance.yahoo.com/v8/finance/chart/376930.KQ?period1=1787875200&period2=1788566400&interval=1d,0,Naver volume=0; Yahoo volume=0; carried/stale close is not a 2026-09-01 traded close
101000,2026-09-01,783,https://fchart.stock.naver.com/siseJson.nhn?symbol=101000&requestType=1&startTime=20260827&endTime=20260904&timeframe=day,independently_verified,https://query1.finance.yahoo.com/v8/finance/chart/101000.KQ?period1=1787875200&period2=1788566400&interval=1d,103876,
030350,2026-09-01,,https://fchart.stock.naver.com/siseJson.nhn?symbol=030350&requestType=1&startTime=20260827&endTime=20260904&timeframe=day,no_trade,https://query1.finance.yahoo.com/v8/finance/chart/030350.KQ?period1=1787875200&period2=1788566400&interval=1d,0,Naver volume=0; Yahoo volume=0; carried/stale close is not a 2026-09-01 traded close
050090,2026-09-01,771,https://fchart.stock.naver.com/siseJson.nhn?symbol=050090&requestType=1&startTime=20260827&endTime=20260904&timeframe=day,independently_verified,https://query1.finance.yahoo.com/v8/finance/chart/050090.KQ?period1=1787875200&period2=1788566400&interval=1d,155096,
241820,2026-09-01,,https://fchart.stock.naver.com/siseJson.nhn?symbol=241820&requestType=1&startTime=20260827&endTime=20260904&timeframe=day,no_trade,https://query1.finance.yahoo.com/v8/finance/chart/241820.KQ?period1=1787875200&period2=1788566400&interval=1d,0,Naver volume=0; Yahoo volume=0; carried/stale close is not a 2026-09-01 traded close
037400,2026-09-01,,https://fchart.stock.naver.com/siseJson.nhn?symbol=037400&requestType=1&startTime=20260827&endTime=20260904&timeframe=day,no_trade,https://query1.finance.yahoo.com/v8/finance/chart/037400.KQ?period1=1787875200&period2=1788566400&interval=1d,0,Naver volume=0; Yahoo volume=0; carried/stale close is not a 2026-09-01 traded close
306040,2026-09-01,1963,https://fchart.stock.naver.com/siseJson.nhn?symbol=306040&requestType=1&startTime=20260827&endTime=20260904&timeframe=day,independently_verified,https://query1.finance.yahoo.com/v8/finance/chart/306040.KQ?period1=1787875200&period2=1788566400&interval=1d,52612,
195990,2026-09-01,1341,https://fchart.stock.naver.com/siseJson.nhn?symbol=195990&requestType=1&startTime=20260827&endTime=20260904&timeframe=day,independently_verified,https://query1.finance.yahoo.com/v8/finance/chart/195990.KQ?period1=1787875200&period2=1788566400&interval=1d,12908,
031860,2026-09-01,,https://fchart.stock.naver.com/siseJson.nhn?symbol=031860&requestType=1&startTime=20260827&endTime=20260904&timeframe=day,no_trade,https://query1.finance.yahoo.com/v8/finance/chart/031860.KQ?period1=1787875200&period2=1788566400&interval=1d,0,Naver volume=0; Yahoo volume=0; carried/stale close is not a 2026-09-01 traded close
214610,2026-09-01,,https://fchart.stock.naver.com/siseJson.nhn?symbol=214610&requestType=1&startTime=20260827&endTime=20260904&timeframe=day,no_trade,https://query1.finance.yahoo.com/v8/finance/chart/214610.KQ?period1=1787875200&period2=1788566400&interval=1d,0,Naver volume=0; Yahoo volume=0; carried/stale close is not a 2026-09-01 traded close
073190,2026-09-01,,https://fchart.stock.naver.com/siseJson.nhn?symbol=073190&requestType=1&startTime=20260827&endTime=20260904&timeframe=day,no_trade,https://query1.finance.yahoo.com/v8/finance/chart/073190.KQ?period1=1787875200&period2=1788566400&interval=1d,0,Naver volume=0; Yahoo volume=0; carried/stale close is not a 2026-09-01 traded close
