ticker,name,KIND_관리종목_지정,KIND_지정일,KIND_지정사유
032685,소프트센우,예,2026-07-01,"종류주식의 시가총액 요건 미달,종류주식의 상장주식수 요건 미달"
312610,에이에프더블류,예,2026-07-16,"시가총액 미달,상장폐지사유 발생,주가 미달(동전주)"
196490,디에이테크놀로지,예,2024-04-24,"상장적격성 실질심사 대상 결정,상장폐지사유 발생"
035290,골드앤에스,예,2026-07-13,"시가총액 미달,상장폐지사유 발생"
058450,한주에이알티,예,2026-09-10,시가총액 미달
011080,형지I&C,예,2026-08-04,"시가총액 미달,주가 미달(동전주)"
199730,바이오인프라,예,2026-07-31,시가총액 미달
250930,예선테크,예,2026-07-31,시가총액 미달
900120,씨엑스아이,예,2026-08-04,시가총액 미달
025870,신라에스지,예,2026-07-09,"시가총액 미달,상장폐지사유 발생"
052770,아이톡시,예,2025-03-26,"시가총액 미달,상장적격성 실질심사 대상 결정,상장폐지사유 발생,자본잠식률 50% 이상"
225430,케이엠제약,예,2026-07-09,"시가총액 미달,상장폐지사유 발생"
313760,캐리,예,2026-04-01,"상장폐지사유 발생,상장적격성 실질심사 대상 결정"
044180,KD,예,2026-03-06,"회생절차 개시신청,상장폐지사유 발생"
291810,핀텔,예,2026-07-24,"시가총액 미달,상장폐지사유 발생"
900100,파이온엑스,예,2026-08-05,시가총액 미달
308100,형지글로벌,예,2026-08-13,"시가총액 미달,주가 미달(동전주)"
276040,스코넥,예,2026-04-08,"파산신청,회생절차 개시신청,상장적격성 실질심사 대상 결정,상장폐지사유 발생"
240600,유진테크놀로지,예,2026-08-05,시가총액 미달
079970,투비소프트,예,2025-03-24,상장폐지사유 발생
288980,모아데이타,예,2026-08-21,주가 미달(동전주)
087260,모바일어플라이언스,예,2026-09-02,상장적격성 실질심사 대상 결정
001000,신라섬유,예,2026-08-20,"시가총액 미달,주가 미달(동전주)"
012340,뉴인텍,예,2026-08-13,"시가총액 미달,주가 미달(동전주)"
065770,CS,예,2026-08-28,시가총액 미달
067770,세진티에스,예,2026-07-21,"시가총액 미달,상장폐지사유 발생"
289010,아이스크림에듀,예,2026-08-04,"시가총액 미달,주가 미달(동전주)"
060480,국일신동,예,2026-08-13,시가총액 미달
106080,케이이엠텍,예,2026-04-20,상장폐지사유 발생
208640,썸에이지,예,2026-08-07,"시가총액 미달,주가 미달(동전주)"
303030,지니틱스,예,2026-09-03,시가총액 미달
006050,국영지앤엠,예,2026-09-23,시가총액 미달
103230,에스앤더블류,예,2026-08-13,시가총액 미달
142760,모아라이프플러스,예,2026-09-04,주가 미달(동전주)
043100,알파AI,예,2026-04-08,"회생절차 개시신청,상장폐지사유 발생"
377220,프롬바이오,예,2026-09-28,시가총액 미달
060260,뉴보텍,예,2026-08-26,시가총액 미달
131760,파인텍,예,2026-09-08,시가총액 미달
035620,바른손이앤에이,예,2026-08-06,"주가 미달(동전주),시가총액 미달"
065570,삼영이엔씨,예,2025-03-21,"상장적격성 실질심사 대상 결정,상장폐지사유 발생"
354200,엔젠바이오,예,2026-10-02,시가총액 미달
028080,휴맥스홀딩스,예,2026-08-03,시가총액 미달
054180,메디콕스,예,2025-09-03,"상장폐지사유 발생,상장적격성 실질심사 대상 결정"
092600,앤씨앤,예,2026-07-31,시가총액 미달
239340,이스트에이드,예,2026-08-13,주가 미달(동전주)
418620,E8,예,2026-08-13,"주가 미달(동전주),시가총액 미달"
244460,올리패스,예,2024-03-20,"최근3사업연도중 2사업연도 자기자본 50%초과 법인세비용차감전계속사업손실 발생,상장적격성 실질심사 대상 결정,상장폐지사유 발생,자본잠식률 50% 이상"
352770,셀레스트라,예,2025-04-07,"회생절차 개시신청,파산신청,상장폐지사유 발생"
225590,패션플랫폼,예,2026-08-13,시가총액 미달
376930,노을,예,2026-08-13,주가 미달(동전주)
101000,KS인더스트리,예,2026-09-07,시가총액 미달
030350,드래곤플라이,예,2025-04-11,"상장적격성 실질심사 대상 결정,최근3사업연도중 2사업연도 자기자본 50%초과 법인세비용차감전계속사업손실 발생"
050090,비케이홀딩스,예,2026-08-04,"시가총액 미달,주가 미달(동전주)"
241820,피씨엘,예,2025-03-25,"상장적격성 실질심사 대상 결정,자본잠식률 50% 이상,매출액 30억원 미달,상장폐지사유 발생"
037400,우리엔터프라이즈,예,2026-08-13,주가 미달(동전주)
306040,에스제이그룹,예,2026-09-04,시가총액 미달
195990,루트K,예,2026-03-24,자본잠식률 50% 이상
031860,디에이치엑스컴퍼니,예,2026-02-13,"상장폐지사유 발생,시가총액 미달"
214610,롤링스톤,예,2026-03-24,상장폐지사유 발생
073190,듀오백,예,2026-06-18,"시가총액 미달,상장적격성 실질심사 대상 결정"
